{"schemaVersion":"1.0","appDefinitionTemplate":{"id":"/providers/Microsoft.PowerApps/apps/","type":"Microsoft.PowerApps/apps","tags":{"primaryDeviceWidth":"1366","primaryDeviceHeight":"768","supportsPortrait":"true","supportsLandscape":"true","primaryFormFactor":"Tablet","showStatusBar":"false","publisherVersion":"3.23082.17","minimumRequiredApiVersion":"2.2.0","hasComponent":"false","hasUnlockedComponent":"false","isUnifiedRootApp":"false","sienaVersion":"20230823T100446Z-3.23082.17.0"},"properties":{"appVersion":"2023-08-23T10:04:46Z","lifeCycleId":"Published","createdByClientVersion":{"major":3,"minor":23082,"build":17,"revision":0,"majorRevision":0,"minorRevision":0},"minClientVersion":{"major":3,"minor":23082,"build":17,"revision":0,"majorRevision":0,"minorRevision":0},"backgroundColor":"RGBA(0,176,240,1)","backgroundImageUri":"/6421485169333805637/Nf582f891-8cb1-437d-b8fd-b0684cd38849-logoSmallFile","displayName":"Project Management App PP","description":"","commitMessage":"","appUris":{"documentUri":{"value":"/6421485169333805637/N84432a72-8532-41fc-9018-279980ed76f2-document.msapp"},"imageUris":[],"additionalUris":[]},"createdTime":"0001-01-01T00:00:00Z","lastModifiedTime":"0001-01-01T00:00:00Z","sharedGroupsCount":0,"sharedUsersCount":0,"connectionReferences":{"38445a9e-0c24-40ae-a637-f78ae4a15338":{"id":"d924b41c-2270-40f3-980a-3ff8d260c874","displayName":"Office 365 Outlook","iconUri":"https://connectoricons-prod.azureedge.net/master/1.0.1653.3400/office365/icon.png","dataSources":["Office365Outlook"],"dependencies":[],"dependents":[],"parameterHints":{},"parameterHintsV2":{},"isOnPremiseConnection":false,"bypassConsent":false,"dataSets":{},"apiTier":"Standard","isCustomApiConnection":false},"b721c78a-c68c-42a6-9f27-514bfc60b0c6":{"id":"762d6bb8-ab18-45fd-ad44-d8b1ee4934d2","displayName":"Office 365 Users","iconUri":"https://connectoricons-prod.azureedge.net/master/1.0.1653.3400/office365users/icon.png","dataSources":["Office365Users"],"dependencies":[],"dependents":[],"parameterHints":{},"parameterHintsV2":{},"isOnPremiseConnection":false,"bypassConsent":false,"dataSets":{},"apiTier":"Standard","isCustomApiConnection":false},"386f2469-d31f-4dfe-8c5e-eba439f9f4bf":{"id":"ba730d11-2f4b-40b6-9ddf-173a57dcb3a9","displayName":"SharePoint","iconUri":"https://connectoricons-prod.azureedge.net/master/1.0.1653.3400/sharepointonline/icon.png","dataSources":["Project Details"],"dependencies":[],"dependents":[],"parameterHints":{},"parameterHintsV2":{},"isOnPremiseConnection":false,"bypassConsent":false,"dataSets":{"https://08gwp.sharepoint.com/sites/ProjectManagement":{"dataSources":{"Project Details":{"tableName":"efe74a2a-e85b-441d-8c83-9d1d70d38f55"}}}},"apiTier":"Standard","isCustomApiConnection":false,"actions":["providers/PowerPlatform.Governance/Operations/Read","providers/PowerPlatform.Governance/Operations/Write"]},"5cb8e45f-6a74-43f7-98c7-97e279f41170":{"id":"ba730d11-2f4b-40b6-9ddf-173a57dcb3a9","displayName":"SharePoint","iconUri":"https://connectoricons-prod.azureedge.net/master/1.0.1653.3400/sharepointonline/icon.png","dataSources":["Project Details_1"],"dependencies":[],"dependents":[],"parameterHints":{},"parameterHintsV2":{},"isOnPremiseConnection":false,"bypassConsent":false,"dataSets":{"https://08gwp.sharepoint.com/sites/ProjectManagement":{"dataSources":{"Project Details_1":{"tableName":"efe74a2a-e85b-441d-8c83-9d1d70d38f55"}}}},"apiTier":"Standard","isCustomApiConnection":false,"actions":["providers/PowerPlatform.Governance/Operations/Read","providers/PowerPlatform.Governance/Operations/Write"]}},"databaseReferences":{},"almMode":"Environment","performanceOptimizationEnabled":true,"canConsumeAppPass":true,"enableModernRuntimeMode":false,"executionRestrictions":{"isTeamsOnly":false,"dataLossPreventionEvaluationResult":{"status":"Compliant","lastEvaluationDate":"2023-08-22T16:08:17.7973269Z","violations":[],"violationsByPolicy":[],"violationErrorMessage":"The app uses the following connectors: shared_office365, shared_office365users, shared_sharepointonline."}}},"appType":"ClassicCanvasApp","appComponents":[]}}